{
	"credit": "Made with Blockbench",
	"texture_size": [64, 64],
	"gui_light": "front",
	"textures": {
		"0": "powerups:item/seeker",
		"particle": "powerups:item/seeker"
	},
	"elements": [
		{
			"from": [1, 1, 1],
			"to": [15, 15, 15],
			"rotation": {"angle": 0, "axis": "y", "origin": [1, 1, 1]},
			"faces": {
				"north": {"uv": [0, 0, 3.5, 3.5], "texture": "#0"},
				"east": {"uv": [0, 3.5, 3.5, 7], "texture": "#0"},
				"south": {"uv": [3.5, 0, 7, 3.5], "texture": "#0"},
				"west": {"uv": [3.5, 3.5, 7, 7], "texture": "#0"},
				"up": {"uv": [3.5, 10.5, 0, 7], "texture": "#0"},
				"down": {"uv": [10.5, 0, 7, 3.5], "texture": "#0"}
			}
		},
		{
			"from": [5, 4, 15],
			"to": [11, 5, 16],
			"rotation": {"angle": 0, "axis": "y", "origin": [8, 5, 15]},
			"faces": {
				"north": {"uv": [7, 6.5, 8.5, 6.75], "texture": "#0"},
				"east": {"uv": [1.5, 13.5, 1.75, 13.75], "texture": "#0"},
				"south": {"uv": [7, 6.75, 8.5, 7], "texture": "#0"},
				"west": {"uv": [13.5, 1.5, 13.75, 1.75], "texture": "#0"},
				"up": {"uv": [14, 13, 12.5, 12.75], "texture": "#0"},
				"down": {"uv": [5, 13, 3.5, 13.25], "texture": "#0"}
			}
		},
		{
			"from": [1, 15, 15],
			"to": [4, 16, 16],
			"rotation": {"angle": 0, "axis": "y", "origin": [1, 16, 15]},
			"faces": {
				"north": {"uv": [8.5, 6.5, 9.25, 6.75], "texture": "#0"},
				"east": {"uv": [1.75, 13.5, 2, 13.75], "texture": "#0"},
				"south": {"uv": [8.5, 6.75, 9.25, 7], "texture": "#0"},
				"west": {"uv": [13.5, 1.75, 13.75, 2], "texture": "#0"},
				"up": {"uv": [13.75, 6, 13, 5.75], "texture": "#0"},
				"down": {"uv": [13.75, 6, 13, 6.25], "texture": "#0"}
			}
		},
		{
			"from": [12, 15, 15],
			"to": [15, 16, 16],
			"rotation": {"angle": 0, "axis": "y", "origin": [12, 16, 15]},
			"faces": {
				"north": {"uv": [13, 6.25, 13.75, 6.5], "texture": "#0"},
				"east": {"uv": [2, 13.5, 2.25, 13.75], "texture": "#0"},
				"south": {"uv": [13, 9, 13.75, 9.25], "texture": "#0"},
				"west": {"uv": [13.5, 2, 13.75, 2.25], "texture": "#0"},
				"up": {"uv": [13.75, 9.5, 13, 9.25], "texture": "#0"},
				"down": {"uv": [13.75, 9.5, 13, 9.75], "texture": "#0"}
			}
		},
		{
			"from": [4, 14, 15],
			"to": [7, 15, 16],
			"rotation": {"angle": 0, "axis": "y", "origin": [4, 15, 15]},
			"faces": {
				"north": {"uv": [13, 9.75, 13.75, 10], "texture": "#0"},
				"east": {"uv": [2.25, 13.5, 2.5, 13.75], "texture": "#0"},
				"south": {"uv": [13, 11.25, 13.75, 11.5], "texture": "#0"},
				"west": {"uv": [13.5, 2.25, 13.75, 2.5], "texture": "#0"},
				"up": {"uv": [13.75, 11.75, 13, 11.5], "texture": "#0"},
				"down": {"uv": [13.75, 11.75, 13, 12], "texture": "#0"}
			}
		},
		{
			"from": [9, 14, 15],
			"to": [12, 15, 16],
			"rotation": {"angle": 0, "axis": "y", "origin": [9, 15, 15]},
			"faces": {
				"north": {"uv": [13, 12, 13.75, 12.25], "texture": "#0"},
				"east": {"uv": [2.5, 13.5, 2.75, 13.75], "texture": "#0"},
				"south": {"uv": [13, 12.25, 13.75, 12.5], "texture": "#0"},
				"west": {"uv": [13.5, 2.5, 13.75, 2.75], "texture": "#0"},
				"up": {"uv": [13.25, 13.25, 12.5, 13], "texture": "#0"},
				"down": {"uv": [4.25, 13.25, 3.5, 13.5], "texture": "#0"}
			}
		},
		{
			"from": [5, 1, 15],
			"to": [11, 2, 16],
			"rotation": {"angle": 0, "axis": "y", "origin": [8, 2, 15]},
			"faces": {
				"north": {"uv": [13, 3.5, 14.5, 3.75], "texture": "#0"},
				"east": {"uv": [2.75, 13.5, 3, 13.75], "texture": "#0"},
				"south": {"uv": [13, 3.75, 14.5, 4], "texture": "#0"},
				"west": {"uv": [13.5, 2.75, 13.75, 3], "texture": "#0"},
				"up": {"uv": [14.5, 4.25, 13, 4], "texture": "#0"},
				"down": {"uv": [14.5, 4.25, 13, 4.5], "texture": "#0"}
			}
		},
		{
			"from": [3, 3, 15],
			"to": [4, 5, 16],
			"rotation": {"angle": 0, "axis": "y", "origin": [4, 4, 15]},
			"faces": {
				"north": {"uv": [9.25, 6.5, 9.5, 7], "texture": "#0"},
				"east": {"uv": [9.25, 13, 9.5, 13.5], "texture": "#0"},
				"south": {"uv": [13.25, 7.5, 13.5, 8], "texture": "#0"},
				"west": {"uv": [13.25, 8, 13.5, 8.5], "texture": "#0"},
				"up": {"uv": [3.25, 13.75, 3, 13.5], "texture": "#0"},
				"down": {"uv": [13.75, 3, 13.5, 3.25], "texture": "#0"}
			}
		},
		{
			"from": [12, 3, 15],
			"to": [13, 5, 16],
			"rotation": {"angle": 0, "axis": "y", "origin": [13, 4, 15]},
			"faces": {
				"north": {"uv": [13.25, 8.5, 13.5, 9], "texture": "#0"},
				"east": {"uv": [12.5, 13.25, 12.75, 13.75], "texture": "#0"},
				"south": {"uv": [12.75, 13.25, 13, 13.75], "texture": "#0"},
				"west": {"uv": [13, 13.25, 13.25, 13.75], "texture": "#0"},
				"up": {"uv": [3.5, 13.75, 3.25, 13.5], "texture": "#0"},
				"down": {"uv": [13.75, 3.25, 13.5, 3.5], "texture": "#0"}
			}
		},
		{
			"from": [10, 5, 15],
			"to": [13, 6, 16],
			"rotation": {"angle": 0, "axis": "y", "origin": [10, 6, 15]},
			"faces": {
				"north": {"uv": [4.25, 13.25, 5, 13.5], "texture": "#0"},
				"east": {"uv": [3.5, 13.5, 3.75, 13.75], "texture": "#0"},
				"south": {"uv": [13.25, 4.5, 14, 4.75], "texture": "#0"},
				"west": {"uv": [3.75, 13.5, 4, 13.75], "texture": "#0"},
				"up": {"uv": [14, 5, 13.25, 4.75], "texture": "#0"},
				"down": {"uv": [14, 5, 13.25, 5.25], "texture": "#0"}
			}
		},
		{
			"from": [3, 5, 15],
			"to": [6, 6, 16],
			"rotation": {"angle": 0, "axis": "y", "origin": [3, 6, 15]},
			"faces": {
				"north": {"uv": [13.25, 5.25, 14, 5.5], "texture": "#0"},
				"east": {"uv": [4, 13.5, 4.25, 13.75], "texture": "#0"},
				"south": {"uv": [13.25, 5.5, 14, 5.75], "texture": "#0"},
				"west": {"uv": [4.25, 13.5, 4.5, 13.75], "texture": "#0"},
				"up": {"uv": [14, 7.25, 13.25, 7], "texture": "#0"},
				"down": {"uv": [14, 7.25, 13.25, 7.5], "texture": "#0"}
			}
		},
		{
			"from": [4, 2, 15],
			"to": [5, 3, 16],
			"rotation": {"angle": 0, "axis": "y", "origin": [3, 3, 15]},
			"faces": {
				"north": {"uv": [4.5, 13.5, 4.75, 13.75], "texture": "#0"},
				"east": {"uv": [4.75, 13.5, 5, 13.75], "texture": "#0"},
				"south": {"uv": [13.5, 7.5, 13.75, 7.75], "texture": "#0"},
				"west": {"uv": [13.5, 7.75, 13.75, 8], "texture": "#0"},
				"up": {"uv": [13.75, 8.25, 13.5, 8], "texture": "#0"},
				"down": {"uv": [13.75, 8.25, 13.5, 8.5], "texture": "#0"}
			}
		},
		{
			"from": [11, 2, 15],
			"to": [12, 3, 16],
			"rotation": {"angle": 0, "axis": "y", "origin": [10, 3, 15]},
			"faces": {
				"north": {"uv": [13.5, 8.5, 13.75, 8.75], "texture": "#0"},
				"east": {"uv": [13.5, 8.75, 13.75, 9], "texture": "#0"},
				"south": {"uv": [9.25, 13.5, 9.5, 13.75], "texture": "#0"},
				"west": {"uv": [13.25, 13.5, 13.5, 13.75], "texture": "#0"},
				"up": {"uv": [13.75, 13.75, 13.5, 13.5], "texture": "#0"},
				"down": {"uv": [0.25, 13.75, 0, 14], "texture": "#0"}
			}
		},
		{
			"from": [2, 6, 15],
			"to": [4, 7, 16],
			"rotation": {"angle": 0, "axis": "y", "origin": [3, 7, 15]},
			"faces": {
				"north": {"uv": [13.25, 12.5, 13.75, 12.75], "texture": "#0"},
				"east": {"uv": [0.25, 13.75, 0.5, 14], "texture": "#0"},
				"south": {"uv": [13.25, 13, 13.75, 13.25], "texture": "#0"},
				"west": {"uv": [0.5, 13.75, 0.75, 14], "texture": "#0"},
				"up": {"uv": [13.75, 13.5, 13.25, 13.25], "texture": "#0"},
				"down": {"uv": [0.5, 13.5, 0, 13.75], "texture": "#0"}
			}
		},
		{
			"from": [12, 6, 15],
			"to": [14, 7, 16],
			"rotation": {"angle": 0, "axis": "y", "origin": [13, 7, 15]},
			"faces": {
				"north": {"uv": [13.5, 0, 14, 0.25], "texture": "#0"},
				"east": {"uv": [0.75, 13.75, 1, 14], "texture": "#0"},
				"south": {"uv": [13.5, 0.25, 14, 0.5], "texture": "#0"},
				"west": {"uv": [1, 13.75, 1.25, 14], "texture": "#0"},
				"up": {"uv": [1, 13.75, 0.5, 13.5], "texture": "#0"},
				"down": {"uv": [14, 0.5, 13.5, 0.75], "texture": "#0"}
			}
		},
		{
			"from": [9, 9, 15],
			"to": [10, 13, 16],
			"rotation": {"angle": 0, "axis": "y", "origin": [9, 10, 15]},
			"faces": {
				"north": {"uv": [5.75, 13, 6, 14], "texture": "#0"},
				"east": {"uv": [6, 13, 6.25, 14], "texture": "#0"},
				"south": {"uv": [6.25, 13, 6.5, 14], "texture": "#0"},
				"west": {"uv": [6.5, 13, 6.75, 14], "texture": "#0"},
				"up": {"uv": [1.5, 14, 1.25, 13.75], "texture": "#0"},
				"down": {"uv": [1.75, 13.75, 1.5, 14], "texture": "#0"}
			}
		},
		{
			"from": [6, 9, 15],
			"to": [7, 13, 16],
			"rotation": {"angle": 0, "axis": "y", "origin": [6, 10, 15]},
			"faces": {
				"north": {"uv": [6.75, 13, 7, 14], "texture": "#0"},
				"east": {"uv": [7, 13, 7.25, 14], "texture": "#0"},
				"south": {"uv": [13, 7, 13.25, 8], "texture": "#0"},
				"west": {"uv": [7.25, 13, 7.5, 14], "texture": "#0"},
				"up": {"uv": [14, 1.75, 13.75, 1.5], "texture": "#0"},
				"down": {"uv": [2, 13.75, 1.75, 14], "texture": "#0"}
			}
		},
		{
			"from": [3, 8, 15],
			"to": [6, 13, 16],
			"rotation": {"angle": 0, "axis": "y", "origin": [4, 9, 15]},
			"faces": {
				"north": {"uv": [12.5, 11.25, 13, 12.5], "texture": "#0"},
				"east": {"uv": [13, 4.5, 13.25, 5.75], "texture": "#0"},
				"south": {"uv": [11, 12.75, 11.5, 14], "texture": "#0"},
				"west": {"uv": [5, 13, 5.25, 14.25], "texture": "#0"},
				"up": {"uv": [14, 1, 13.5, 0.75], "texture": "#0"},
				"down": {"uv": [1.5, 13.5, 1, 13.75], "texture": "#0"}
			}
		},
		{
			"from": [2, 9, 15],
			"to": [3, 13, 16],
			"rotation": {"angle": 0, "axis": "y", "origin": [2, 10, 15]},
			"faces": {
				"north": {"uv": [7.5, 13, 7.75, 14], "texture": "#0"},
				"east": {"uv": [7.75, 13, 8, 14], "texture": "#0"},
				"south": {"uv": [8, 13, 8.25, 14], "texture": "#0"},
				"west": {"uv": [13, 8, 13.25, 9], "texture": "#0"},
				"up": {"uv": [14, 2, 13.75, 1.75], "texture": "#0"},
				"down": {"uv": [2.25, 13.75, 2, 14], "texture": "#0"}
			}
		},
		{
			"from": [13, 9, 15],
			"to": [14, 13, 16],
			"rotation": {"angle": 0, "axis": "y", "origin": [13, 10, 15]},
			"faces": {
				"north": {"uv": [8.25, 13, 8.5, 14], "texture": "#0"},
				"east": {"uv": [8.5, 13, 8.75, 14], "texture": "#0"},
				"south": {"uv": [8.75, 13, 9, 14], "texture": "#0"},
				"west": {"uv": [9, 13, 9.25, 14], "texture": "#0"},
				"up": {"uv": [14, 2.25, 13.75, 2], "texture": "#0"},
				"down": {"uv": [2.5, 13.75, 2.25, 14], "texture": "#0"}
			}
		},
		{
			"from": [10, 8, 15],
			"to": [13, 13, 16],
			"rotation": {"angle": 0, "axis": "y", "origin": [10, 12, 15]},
			"faces": {
				"north": {"uv": [11.5, 12.75, 12, 14], "texture": "#0"},
				"east": {"uv": [5.25, 13, 5.5, 14.25], "texture": "#0"},
				"south": {"uv": [12, 12.75, 12.5, 14], "texture": "#0"},
				"west": {"uv": [5.5, 13, 5.75, 14.25], "texture": "#0"},
				"up": {"uv": [14, 1.25, 13.5, 1], "texture": "#0"},
				"down": {"uv": [14, 1.25, 13.5, 1.5], "texture": "#0"}
			}
		},
		{
			"from": [2, 15, 2],
			"to": [14, 16, 14],
			"rotation": {"angle": 0, "axis": "y", "origin": [8, 14, 8]},
			"faces": {
				"north": {"uv": [10.5, 3, 13.5, 3.25], "texture": "#0"},
				"east": {"uv": [10.5, 3.25, 13.5, 3.5], "texture": "#0"},
				"south": {"uv": [12.5, 6.5, 15.5, 6.75], "texture": "#0"},
				"west": {"uv": [12.5, 6.75, 15.5, 7], "texture": "#0"},
				"up": {"uv": [6.5, 10, 3.5, 7], "texture": "#0"},
				"down": {"uv": [10, 3.5, 7, 6.5], "texture": "#0"}
			}
		},
		{
			"from": [0, 2, 2],
			"to": [1, 14, 14],
			"rotation": {"angle": 0, "axis": "z", "origin": [2, 8, 8]},
			"faces": {
				"north": {"uv": [3, 10.5, 3.25, 13.5], "texture": "#0"},
				"east": {"uv": [6.5, 7, 9.5, 10], "texture": "#0"},
				"south": {"uv": [3.25, 10.5, 3.5, 13.5], "texture": "#0"},
				"west": {"uv": [9.5, 6.5, 12.5, 9.5], "texture": "#0"},
				"up": {"uv": [12.75, 10, 12.5, 7], "texture": "#0"},
				"down": {"uv": [9.75, 12.5, 9.5, 15.5], "texture": "#0"}
			}
		},
		{
			"from": [2, 2, 0],
			"to": [14, 14, 1],
			"rotation": {"angle": 0, "axis": "x", "origin": [8, 8, 2]},
			"faces": {
				"north": {"uv": [9.5, 9.5, 12.5, 12.5], "texture": "#0"},
				"east": {"uv": [9.75, 12.5, 10, 15.5], "texture": "#0"},
				"south": {"uv": [3.5, 10, 6.5, 13], "texture": "#0"},
				"west": {"uv": [10, 12.5, 10.25, 15.5], "texture": "#0"},
				"up": {"uv": [15.5, 10.25, 12.5, 10], "texture": "#0"},
				"down": {"uv": [13.25, 12.5, 10.25, 12.75], "texture": "#0"}
			}
		},
		{
			"from": [2, 0, 2],
			"to": [14, 1, 14],
			"rotation": {"angle": 0, "axis": "y", "origin": [8, 2, 8]},
			"faces": {
				"north": {"uv": [12.5, 10.25, 15.5, 10.5], "texture": "#0"},
				"east": {"uv": [12.5, 10.5, 15.5, 10.75], "texture": "#0"},
				"south": {"uv": [12.5, 10.75, 15.5, 11], "texture": "#0"},
				"west": {"uv": [12.5, 11, 15.5, 11.25], "texture": "#0"},
				"up": {"uv": [13, 6.5, 10, 3.5], "texture": "#0"},
				"down": {"uv": [9.5, 10, 6.5, 13], "texture": "#0"}
			}
		},
		{
			"from": [15, 2, 2],
			"to": [16, 14, 14],
			"rotation": {"angle": 0, "axis": "z", "origin": [14, 8, 8]},
			"faces": {
				"north": {"uv": [12.75, 7, 13, 10], "texture": "#0"},
				"east": {"uv": [0, 10.5, 3, 13.5], "texture": "#0"},
				"south": {"uv": [10.25, 12.75, 10.5, 15.75], "texture": "#0"},
				"west": {"uv": [10.5, 0, 13.5, 3], "texture": "#0"},
				"up": {"uv": [10.75, 15.75, 10.5, 12.75], "texture": "#0"},
				"down": {"uv": [11, 12.75, 10.75, 15.75], "texture": "#0"}
			}
		}
	],
	"display": {
		"head": {
			"rotation": [180, 0, 180]
		}
	},
	"groups": [
		{
			"name": "seeker",
			"origin": [14, 8, 8],
			"color": 0,
			"children": [0, 1, 2, 3, 4, 5, 6, 7, 8, 9, 10, 11, 12, 13, 14, 15, 16, 17, 18, 19, 20, 21, 22, 23, 24, 25]
		}
	]
}