{
	"credit": "Made with Blockbench",
	"texture_size": [128, 128],
	"textures": {
		"0": "powerups:item/eye",
		"particle": "powerups:item/eye"
	},
	"elements": [
		{
			"from": [1, 1, 1],
			"to": [15, 15, 15],
			"rotation": {"angle": 0, "axis": "y", "origin": [8, 1, 8]},
			"faces": {
				"north": {"uv": [1.75, 1.75, 3.5, 3.5], "texture": "#0"},
				"east": {"uv": [0, 1.75, 1.75, 3.5], "texture": "#0"},
				"south": {"uv": [5.25, 1.75, 7, 3.5], "texture": "#0"},
				"west": {"uv": [3.5, 1.75, 5.25, 3.5], "texture": "#0"},
				"up": {"uv": [3.5, 1.75, 1.75, 0], "texture": "#0"},
				"down": {"uv": [5.25, 0, 3.5, 1.75], "texture": "#0"}
			}
		},
		{
			"from": [0, 10, 6],
			"to": [1, 14, 10],
			"rotation": {"angle": 0, "axis": "y", "origin": [0, 8, 4]},
			"faces": {
				"north": {"uv": [7.375, 8, 7.5, 8.5], "texture": "#0"},
				"east": {"uv": [6.875, 8, 7.375, 8.5], "texture": "#0"},
				"south": {"uv": [6.75, 8, 6.875, 8.5], "texture": "#0"},
				"west": {"uv": [6.25, 8, 6.75, 8.5], "texture": "#0"},
				"up": {"uv": [6.875, 8, 6.75, 7.5], "rotation": 180, "texture": "#0"},
				"down": {"uv": [7, 7.5, 6.875, 8], "rotation": 180, "texture": "#0"}
			}
		},
		{
			"from": [0, 2, 6],
			"to": [1, 6, 10],
			"rotation": {"angle": 0, "axis": "y", "origin": [0, 8, 4]},
			"faces": {
				"north": {"uv": [8.625, 8, 8.75, 8.5], "texture": "#0"},
				"east": {"uv": [8.125, 8, 8.625, 8.5], "texture": "#0"},
				"south": {"uv": [8, 8, 8.125, 8.5], "texture": "#0"},
				"west": {"uv": [7.5, 8, 8, 8.5], "texture": "#0"},
				"up": {"uv": [8.125, 8, 8, 7.5], "rotation": 180, "texture": "#0"},
				"down": {"uv": [8.25, 7.5, 8.125, 8], "rotation": 180, "texture": "#0"}
			}
		},
		{
			"from": [0, 6, 2],
			"to": [1, 10, 14],
			"rotation": {"angle": 0, "axis": "y", "origin": [0, 8, 4]},
			"faces": {
				"north": {"uv": [9.625, 5, 9.75, 5.5], "texture": "#0"},
				"east": {"uv": [8.125, 5, 9.625, 5.5], "texture": "#0"},
				"south": {"uv": [8, 5, 8.125, 5.5], "texture": "#0"},
				"west": {"uv": [6.5, 5, 8, 5.5], "texture": "#0"},
				"up": {"uv": [8.125, 5, 8, 3.5], "rotation": 180, "texture": "#0"},
				"down": {"uv": [8.25, 3.5, 8.125, 5], "rotation": 180, "texture": "#0"}
			}
		},
		{
			"from": [0, 4, 3],
			"to": [1, 6, 6],
			"rotation": {"angle": 0, "axis": "y", "origin": [0, 8, 4]},
			"faces": {
				"north": {"uv": [2.875, 9.5, 3, 9.75], "texture": "#0"},
				"east": {"uv": [2.5, 9.5, 2.875, 9.75], "texture": "#0"},
				"south": {"uv": [2.375, 9.5, 2.5, 9.75], "texture": "#0"},
				"west": {"uv": [2, 9.5, 2.375, 9.75], "texture": "#0"},
				"up": {"uv": [2.5, 9.5, 2.375, 9.125], "rotation": 180, "texture": "#0"},
				"down": {"uv": [2.625, 9.125, 2.5, 9.5], "rotation": 180, "texture": "#0"}
			}
		},
		{
			"from": [0, 3, 10],
			"to": [1, 4, 12],
			"rotation": {"angle": 0, "axis": "y", "origin": [0, 8, 4]},
			"faces": {
				"north": {"uv": [10.375, 4, 10.5, 4.125], "texture": "#0"},
				"east": {"uv": [10.125, 4, 10.375, 4.125], "texture": "#0"},
				"south": {"uv": [10, 4, 10.125, 4.125], "texture": "#0"},
				"west": {"uv": [9.75, 4, 10, 4.125], "texture": "#0"},
				"up": {"uv": [10.125, 4, 10, 3.75], "rotation": 180, "texture": "#0"},
				"down": {"uv": [10.25, 3.75, 10.125, 4], "rotation": 180, "texture": "#0"}
			}
		},
		{
			"from": [0, 4, 10],
			"to": [1, 6, 13],
			"rotation": {"angle": 0, "axis": "y", "origin": [0, 8, 4]},
			"faces": {
				"north": {"uv": [3.875, 9.5, 4, 9.75], "texture": "#0"},
				"east": {"uv": [3.5, 9.5, 3.875, 9.75], "texture": "#0"},
				"south": {"uv": [3.375, 9.5, 3.5, 9.75], "texture": "#0"},
				"west": {"uv": [3, 9.5, 3.375, 9.75], "texture": "#0"},
				"up": {"uv": [3.5, 9.5, 3.375, 9.125], "rotation": 180, "texture": "#0"},
				"down": {"uv": [3.625, 9.125, 3.5, 9.5], "rotation": 180, "texture": "#0"}
			}
		},
		{
			"from": [0, 12, 10],
			"to": [1, 13, 12],
			"rotation": {"angle": 0, "axis": "y", "origin": [0, 8, 4]},
			"faces": {
				"north": {"uv": [10.375, 4.375, 10.5, 4.5], "texture": "#0"},
				"east": {"uv": [10.125, 4.375, 10.375, 4.5], "texture": "#0"},
				"south": {"uv": [10, 4.375, 10.125, 4.5], "texture": "#0"},
				"west": {"uv": [9.75, 4.375, 10, 4.5], "texture": "#0"},
				"up": {"uv": [10.125, 4.375, 10, 4.125], "rotation": 180, "texture": "#0"},
				"down": {"uv": [10.25, 4.125, 10.125, 4.375], "rotation": 180, "texture": "#0"}
			}
		},
		{
			"from": [0, 10, 10],
			"to": [1, 12, 13],
			"rotation": {"angle": 0, "axis": "y", "origin": [0, 8, 4]},
			"faces": {
				"north": {"uv": [4.875, 9.5, 5, 9.75], "texture": "#0"},
				"east": {"uv": [4.5, 9.5, 4.875, 9.75], "texture": "#0"},
				"south": {"uv": [4.375, 9.5, 4.5, 9.75], "texture": "#0"},
				"west": {"uv": [4, 9.5, 4.375, 9.75], "texture": "#0"},
				"up": {"uv": [4.5, 9.5, 4.375, 9.125], "rotation": 180, "texture": "#0"},
				"down": {"uv": [4.625, 9.125, 4.5, 9.5], "rotation": 180, "texture": "#0"}
			}
		},
		{
			"from": [0, 12, 4],
			"to": [1, 13, 6],
			"rotation": {"angle": 0, "axis": "y", "origin": [0, 8, 4]},
			"faces": {
				"north": {"uv": [5.125, 10, 5.25, 10.125], "texture": "#0"},
				"east": {"uv": [4.875, 10, 5.125, 10.125], "texture": "#0"},
				"south": {"uv": [4.75, 10, 4.875, 10.125], "texture": "#0"},
				"west": {"uv": [4.5, 10, 4.75, 10.125], "texture": "#0"},
				"up": {"uv": [4.875, 10, 4.75, 9.75], "rotation": 180, "texture": "#0"},
				"down": {"uv": [5, 9.75, 4.875, 10], "rotation": 180, "texture": "#0"}
			}
		},
		{
			"from": [0, 10, 3],
			"to": [1, 12, 6],
			"rotation": {"angle": 0, "axis": "y", "origin": [0, 8, 4]},
			"faces": {
				"north": {"uv": [5.875, 9.5, 6, 9.75], "texture": "#0"},
				"east": {"uv": [5.5, 9.5, 5.875, 9.75], "texture": "#0"},
				"south": {"uv": [5.375, 9.5, 5.5, 9.75], "texture": "#0"},
				"west": {"uv": [5, 9.5, 5.375, 9.75], "texture": "#0"},
				"up": {"uv": [5.5, 9.5, 5.375, 9.125], "rotation": 180, "texture": "#0"},
				"down": {"uv": [5.625, 9.125, 5.5, 9.5], "rotation": 180, "texture": "#0"}
			}
		},
		{
			"from": [0, 3, 4],
			"to": [1, 4, 6],
			"rotation": {"angle": 0, "axis": "y", "origin": [0, 8, 4]},
			"faces": {
				"north": {"uv": [10.375, 4.75, 10.5, 4.875], "texture": "#0"},
				"east": {"uv": [10.125, 4.75, 10.375, 4.875], "texture": "#0"},
				"south": {"uv": [10, 4.75, 10.125, 4.875], "texture": "#0"},
				"west": {"uv": [9.75, 4.75, 10, 4.875], "texture": "#0"},
				"up": {"uv": [10.125, 4.75, 10, 4.5], "rotation": 180, "texture": "#0"},
				"down": {"uv": [10.25, 4.5, 10.125, 4.75], "rotation": 180, "texture": "#0"}
			}
		},
		{
			"from": [6, 10, 15],
			"to": [10, 14, 16],
			"rotation": {"angle": 0, "axis": "y", "origin": [23, 8, 0]},
			"faces": {
				"north": {"uv": [6.875, 8, 7.375, 8.5], "texture": "#0"},
				"east": {"uv": [6.75, 8, 6.875, 8.5], "texture": "#0"},
				"south": {"uv": [6.25, 8, 6.75, 8.5], "texture": "#0"},
				"west": {"uv": [7.375, 8, 7.5, 8.5], "texture": "#0"},
				"up": {"uv": [6.875, 8, 6.75, 7.5], "rotation": 90, "texture": "#0"},
				"down": {"uv": [7, 7.5, 6.875, 8], "rotation": 270, "texture": "#0"}
			}
		},
		{
			"from": [6, 2, 15],
			"to": [10, 6, 16],
			"rotation": {"angle": 0, "axis": "y", "origin": [23, 8, 0]},
			"faces": {
				"north": {"uv": [8.125, 8, 8.625, 8.5], "texture": "#0"},
				"east": {"uv": [8, 8, 8.125, 8.5], "texture": "#0"},
				"south": {"uv": [7.5, 8, 8, 8.5], "texture": "#0"},
				"west": {"uv": [8.625, 8, 8.75, 8.5], "texture": "#0"},
				"up": {"uv": [8.125, 8, 8, 7.5], "rotation": 90, "texture": "#0"},
				"down": {"uv": [8.25, 7.5, 8.125, 8], "rotation": 270, "texture": "#0"}
			}
		},
		{
			"from": [2, 6, 15],
			"to": [14, 10, 16],
			"rotation": {"angle": 0, "axis": "y", "origin": [23, 8, 0]},
			"faces": {
				"north": {"uv": [8.125, 5, 9.625, 5.5], "texture": "#0"},
				"east": {"uv": [8, 5, 8.125, 5.5], "texture": "#0"},
				"south": {"uv": [6.5, 5, 8, 5.5], "texture": "#0"},
				"west": {"uv": [9.625, 5, 9.75, 5.5], "texture": "#0"},
				"up": {"uv": [8.125, 5, 8, 3.5], "rotation": 90, "texture": "#0"},
				"down": {"uv": [8.25, 3.5, 8.125, 5], "rotation": 270, "texture": "#0"}
			}
		},
		{
			"from": [3, 4, 15],
			"to": [6, 6, 16],
			"rotation": {"angle": 0, "axis": "y", "origin": [23, 8, 0]},
			"faces": {
				"north": {"uv": [2.5, 9.5, 2.875, 9.75], "texture": "#0"},
				"east": {"uv": [2.375, 9.5, 2.5, 9.75], "texture": "#0"},
				"south": {"uv": [2, 9.5, 2.375, 9.75], "texture": "#0"},
				"west": {"uv": [2.875, 9.5, 3, 9.75], "texture": "#0"},
				"up": {"uv": [2.5, 9.5, 2.375, 9.125], "rotation": 90, "texture": "#0"},
				"down": {"uv": [2.625, 9.125, 2.5, 9.5], "rotation": 270, "texture": "#0"}
			}
		},
		{
			"from": [10, 3, 15],
			"to": [12, 4, 16],
			"rotation": {"angle": 0, "axis": "y", "origin": [23, 8, 0]},
			"faces": {
				"north": {"uv": [10.125, 4, 10.375, 4.125], "texture": "#0"},
				"east": {"uv": [10, 4, 10.125, 4.125], "texture": "#0"},
				"south": {"uv": [9.75, 4, 10, 4.125], "texture": "#0"},
				"west": {"uv": [10.375, 4, 10.5, 4.125], "texture": "#0"},
				"up": {"uv": [10.125, 4, 10, 3.75], "rotation": 90, "texture": "#0"},
				"down": {"uv": [10.25, 3.75, 10.125, 4], "rotation": 270, "texture": "#0"}
			}
		},
		{
			"from": [10, 4, 15],
			"to": [13, 6, 16],
			"rotation": {"angle": 0, "axis": "y", "origin": [23, 8, 0]},
			"faces": {
				"north": {"uv": [3.5, 9.5, 3.875, 9.75], "texture": "#0"},
				"east": {"uv": [3.375, 9.5, 3.5, 9.75], "texture": "#0"},
				"south": {"uv": [3, 9.5, 3.375, 9.75], "texture": "#0"},
				"west": {"uv": [3.875, 9.5, 4, 9.75], "texture": "#0"},
				"up": {"uv": [3.5, 9.5, 3.375, 9.125], "rotation": 90, "texture": "#0"},
				"down": {"uv": [3.625, 9.125, 3.5, 9.5], "rotation": 270, "texture": "#0"}
			}
		},
		{
			"from": [10, 12, 15],
			"to": [12, 13, 16],
			"rotation": {"angle": 0, "axis": "y", "origin": [23, 8, 0]},
			"faces": {
				"north": {"uv": [10.125, 4.375, 10.375, 4.5], "texture": "#0"},
				"east": {"uv": [10, 4.375, 10.125, 4.5], "texture": "#0"},
				"south": {"uv": [9.75, 4.375, 10, 4.5], "texture": "#0"},
				"west": {"uv": [10.375, 4.375, 10.5, 4.5], "texture": "#0"},
				"up": {"uv": [10.125, 4.375, 10, 4.125], "rotation": 90, "texture": "#0"},
				"down": {"uv": [10.25, 4.125, 10.125, 4.375], "rotation": 270, "texture": "#0"}
			}
		},
		{
			"from": [10, 10, 15],
			"to": [13, 12, 16],
			"rotation": {"angle": 0, "axis": "y", "origin": [23, 8, 0]},
			"faces": {
				"north": {"uv": [4.5, 9.5, 4.875, 9.75], "texture": "#0"},
				"east": {"uv": [4.375, 9.5, 4.5, 9.75], "texture": "#0"},
				"south": {"uv": [4, 9.5, 4.375, 9.75], "texture": "#0"},
				"west": {"uv": [4.875, 9.5, 5, 9.75], "texture": "#0"},
				"up": {"uv": [4.5, 9.5, 4.375, 9.125], "rotation": 90, "texture": "#0"},
				"down": {"uv": [4.625, 9.125, 4.5, 9.5], "rotation": 270, "texture": "#0"}
			}
		},
		{
			"from": [4, 12, 15],
			"to": [6, 13, 16],
			"rotation": {"angle": 0, "axis": "y", "origin": [23, 8, 0]},
			"faces": {
				"north": {"uv": [4.875, 10, 5.125, 10.125], "texture": "#0"},
				"east": {"uv": [4.75, 10, 4.875, 10.125], "texture": "#0"},
				"south": {"uv": [4.5, 10, 4.75, 10.125], "texture": "#0"},
				"west": {"uv": [5.125, 10, 5.25, 10.125], "texture": "#0"},
				"up": {"uv": [4.875, 10, 4.75, 9.75], "rotation": 90, "texture": "#0"},
				"down": {"uv": [5, 9.75, 4.875, 10], "rotation": 270, "texture": "#0"}
			}
		},
		{
			"from": [3, 10, 15],
			"to": [6, 12, 16],
			"rotation": {"angle": 0, "axis": "y", "origin": [23, 8, 0]},
			"faces": {
				"north": {"uv": [5.5, 9.5, 5.875, 9.75], "texture": "#0"},
				"east": {"uv": [5.375, 9.5, 5.5, 9.75], "texture": "#0"},
				"south": {"uv": [5, 9.5, 5.375, 9.75], "texture": "#0"},
				"west": {"uv": [5.875, 9.5, 6, 9.75], "texture": "#0"},
				"up": {"uv": [5.5, 9.5, 5.375, 9.125], "rotation": 90, "texture": "#0"},
				"down": {"uv": [5.625, 9.125, 5.5, 9.5], "rotation": 270, "texture": "#0"}
			}
		},
		{
			"from": [4, 3, 15],
			"to": [6, 4, 16],
			"rotation": {"angle": 0, "axis": "y", "origin": [23, 8, 0]},
			"faces": {
				"north": {"uv": [10.125, 4.75, 10.375, 4.875], "texture": "#0"},
				"east": {"uv": [10, 4.75, 10.125, 4.875], "texture": "#0"},
				"south": {"uv": [9.75, 4.75, 10, 4.875], "texture": "#0"},
				"west": {"uv": [10.375, 4.75, 10.5, 4.875], "texture": "#0"},
				"up": {"uv": [10.125, 4.75, 10, 4.5], "rotation": 90, "texture": "#0"},
				"down": {"uv": [10.25, 4.5, 10.125, 4.75], "rotation": 270, "texture": "#0"}
			}
		},
		{
			"from": [10, 15, 6],
			"to": [14, 16, 10],
			"rotation": {"angle": 0, "axis": "y", "origin": [8, 16, 4]},
			"faces": {
				"north": {"uv": [7.375, 8, 7.5, 8.5], "rotation": 270, "texture": "#0"},
				"east": {"uv": [6.875, 8, 6.75, 7.5], "rotation": 270, "texture": "#0"},
				"south": {"uv": [6.75, 8, 6.875, 8.5], "rotation": 90, "texture": "#0"},
				"west": {"uv": [7, 7.5, 6.875, 8], "rotation": 270, "texture": "#0"},
				"up": {"uv": [6.25, 8, 6.75, 8.5], "rotation": 90, "texture": "#0"},
				"down": {"uv": [6.875, 8, 7.375, 8.5], "rotation": 90, "texture": "#0"}
			}
		},
		{
			"from": [2, 15, 6],
			"to": [6, 16, 10],
			"rotation": {"angle": 0, "axis": "y", "origin": [8, 16, 4]},
			"faces": {
				"north": {"uv": [8.625, 8, 8.75, 8.5], "rotation": 270, "texture": "#0"},
				"east": {"uv": [8.125, 8, 8, 7.5], "rotation": 270, "texture": "#0"},
				"south": {"uv": [8, 8, 8.125, 8.5], "rotation": 90, "texture": "#0"},
				"west": {"uv": [8.25, 7.5, 8.125, 8], "rotation": 270, "texture": "#0"},
				"up": {"uv": [7.5, 8, 8, 8.5], "rotation": 90, "texture": "#0"},
				"down": {"uv": [8.125, 8, 8.625, 8.5], "rotation": 90, "texture": "#0"}
			}
		},
		{
			"from": [6, 15, 2],
			"to": [10, 16, 14],
			"rotation": {"angle": 0, "axis": "y", "origin": [8, 16, 4]},
			"faces": {
				"north": {"uv": [9.625, 5, 9.75, 5.5], "rotation": 270, "texture": "#0"},
				"east": {"uv": [8.125, 5, 8, 3.5], "rotation": 270, "texture": "#0"},
				"south": {"uv": [8, 5, 8.125, 5.5], "rotation": 90, "texture": "#0"},
				"west": {"uv": [8.25, 3.5, 8.125, 5], "rotation": 270, "texture": "#0"},
				"up": {"uv": [6.5, 5, 8, 5.5], "rotation": 90, "texture": "#0"},
				"down": {"uv": [8.125, 5, 9.625, 5.5], "rotation": 90, "texture": "#0"}
			}
		},
		{
			"from": [4, 15, 3],
			"to": [6, 16, 6],
			"rotation": {"angle": 0, "axis": "y", "origin": [8, 16, 4]},
			"faces": {
				"north": {"uv": [2.875, 9.5, 3, 9.75], "rotation": 270, "texture": "#0"},
				"east": {"uv": [2.5, 9.5, 2.375, 9.125], "rotation": 270, "texture": "#0"},
				"south": {"uv": [2.375, 9.5, 2.5, 9.75], "rotation": 90, "texture": "#0"},
				"west": {"uv": [2.625, 9.125, 2.5, 9.5], "rotation": 270, "texture": "#0"},
				"up": {"uv": [2, 9.5, 2.375, 9.75], "rotation": 90, "texture": "#0"},
				"down": {"uv": [2.5, 9.5, 2.875, 9.75], "rotation": 90, "texture": "#0"}
			}
		},
		{
			"from": [3, 15, 10],
			"to": [4, 16, 12],
			"rotation": {"angle": 0, "axis": "y", "origin": [8, 16, 4]},
			"faces": {
				"north": {"uv": [10.375, 4, 10.5, 4.125], "rotation": 270, "texture": "#0"},
				"east": {"uv": [10.125, 4, 10, 3.75], "rotation": 270, "texture": "#0"},
				"south": {"uv": [10, 4, 10.125, 4.125], "rotation": 90, "texture": "#0"},
				"west": {"uv": [10.25, 3.75, 10.125, 4], "rotation": 270, "texture": "#0"},
				"up": {"uv": [9.75, 4, 10, 4.125], "rotation": 90, "texture": "#0"},
				"down": {"uv": [10.125, 4, 10.375, 4.125], "rotation": 90, "texture": "#0"}
			}
		},
		{
			"from": [4, 15, 10],
			"to": [6, 16, 13],
			"rotation": {"angle": 0, "axis": "y", "origin": [8, 16, 4]},
			"faces": {
				"north": {"uv": [3.875, 9.5, 4, 9.75], "rotation": 270, "texture": "#0"},
				"east": {"uv": [3.5, 9.5, 3.375, 9.125], "rotation": 270, "texture": "#0"},
				"south": {"uv": [3.375, 9.5, 3.5, 9.75], "rotation": 90, "texture": "#0"},
				"west": {"uv": [3.625, 9.125, 3.5, 9.5], "rotation": 270, "texture": "#0"},
				"up": {"uv": [3, 9.5, 3.375, 9.75], "rotation": 90, "texture": "#0"},
				"down": {"uv": [3.5, 9.5, 3.875, 9.75], "rotation": 90, "texture": "#0"}
			}
		},
		{
			"from": [12, 15, 10],
			"to": [13, 16, 12],
			"rotation": {"angle": 0, "axis": "y", "origin": [8, 16, 4]},
			"faces": {
				"north": {"uv": [10.375, 4.375, 10.5, 4.5], "rotation": 270, "texture": "#0"},
				"east": {"uv": [10.125, 4.375, 10, 4.125], "rotation": 270, "texture": "#0"},
				"south": {"uv": [10, 4.375, 10.125, 4.5], "rotation": 90, "texture": "#0"},
				"west": {"uv": [10.25, 4.125, 10.125, 4.375], "rotation": 270, "texture": "#0"},
				"up": {"uv": [9.75, 4.375, 10, 4.5], "rotation": 90, "texture": "#0"},
				"down": {"uv": [10.125, 4.375, 10.375, 4.5], "rotation": 90, "texture": "#0"}
			}
		},
		{
			"from": [10, 15, 10],
			"to": [12, 16, 13],
			"rotation": {"angle": 0, "axis": "y", "origin": [8, 16, 4]},
			"faces": {
				"north": {"uv": [4.875, 9.5, 5, 9.75], "rotation": 270, "texture": "#0"},
				"east": {"uv": [4.5, 9.5, 4.375, 9.125], "rotation": 270, "texture": "#0"},
				"south": {"uv": [4.375, 9.5, 4.5, 9.75], "rotation": 90, "texture": "#0"},
				"west": {"uv": [4.625, 9.125, 4.5, 9.5], "rotation": 270, "texture": "#0"},
				"up": {"uv": [4, 9.5, 4.375, 9.75], "rotation": 90, "texture": "#0"},
				"down": {"uv": [4.5, 9.5, 4.875, 9.75], "rotation": 90, "texture": "#0"}
			}
		},
		{
			"from": [12, 15, 4],
			"to": [13, 16, 6],
			"rotation": {"angle": 0, "axis": "y", "origin": [8, 16, 4]},
			"faces": {
				"north": {"uv": [5.125, 10, 5.25, 10.125], "rotation": 270, "texture": "#0"},
				"east": {"uv": [4.875, 10, 4.75, 9.75], "rotation": 270, "texture": "#0"},
				"south": {"uv": [4.75, 10, 4.875, 10.125], "rotation": 90, "texture": "#0"},
				"west": {"uv": [5, 9.75, 4.875, 10], "rotation": 270, "texture": "#0"},
				"up": {"uv": [4.5, 10, 4.75, 10.125], "rotation": 90, "texture": "#0"},
				"down": {"uv": [4.875, 10, 5.125, 10.125], "rotation": 90, "texture": "#0"}
			}
		},
		{
			"from": [10, 15, 3],
			"to": [12, 16, 6],
			"rotation": {"angle": 0, "axis": "y", "origin": [8, 16, 4]},
			"faces": {
				"north": {"uv": [5.875, 9.5, 6, 9.75], "rotation": 270, "texture": "#0"},
				"east": {"uv": [5.5, 9.5, 5.375, 9.125], "rotation": 270, "texture": "#0"},
				"south": {"uv": [5.375, 9.5, 5.5, 9.75], "rotation": 90, "texture": "#0"},
				"west": {"uv": [5.625, 9.125, 5.5, 9.5], "rotation": 270, "texture": "#0"},
				"up": {"uv": [5, 9.5, 5.375, 9.75], "rotation": 90, "texture": "#0"},
				"down": {"uv": [5.5, 9.5, 5.875, 9.75], "rotation": 90, "texture": "#0"}
			}
		},
		{
			"from": [3, 15, 4],
			"to": [4, 16, 6],
			"rotation": {"angle": 0, "axis": "y", "origin": [8, 16, 4]},
			"faces": {
				"north": {"uv": [10.375, 4.75, 10.5, 4.875], "rotation": 270, "texture": "#0"},
				"east": {"uv": [10.125, 4.75, 10, 4.5], "rotation": 270, "texture": "#0"},
				"south": {"uv": [10, 4.75, 10.125, 4.875], "rotation": 90, "texture": "#0"},
				"west": {"uv": [10.25, 4.5, 10.125, 4.75], "rotation": 270, "texture": "#0"},
				"up": {"uv": [9.75, 4.75, 10, 4.875], "rotation": 90, "texture": "#0"},
				"down": {"uv": [10.125, 4.75, 10.375, 4.875], "rotation": 90, "texture": "#0"}
			}
		},
		{
			"from": [6, 10, 0],
			"to": [10, 14, 1],
			"rotation": {"angle": 0, "axis": "y", "origin": [8, 8, 0]},
			"faces": {
				"north": {"uv": [6.25, 8, 6.75, 8.5], "texture": "#0"},
				"east": {"uv": [7.375, 8, 7.5, 8.5], "texture": "#0"},
				"south": {"uv": [6.875, 8, 7.375, 8.5], "texture": "#0"},
				"west": {"uv": [6.75, 8, 6.875, 8.5], "texture": "#0"},
				"up": {"uv": [6.875, 8, 6.75, 7.5], "rotation": 270, "texture": "#0"},
				"down": {"uv": [7, 7.5, 6.875, 8], "rotation": 90, "texture": "#0"}
			}
		},
		{
			"from": [6, 2, 0],
			"to": [10, 6, 1],
			"rotation": {"angle": 0, "axis": "y", "origin": [8, 8, 0]},
			"faces": {
				"north": {"uv": [7.5, 8, 8, 8.5], "texture": "#0"},
				"east": {"uv": [8.625, 8, 8.75, 8.5], "texture": "#0"},
				"south": {"uv": [8.125, 8, 8.625, 8.5], "texture": "#0"},
				"west": {"uv": [8, 8, 8.125, 8.5], "texture": "#0"},
				"up": {"uv": [8.125, 8, 8, 7.5], "rotation": 270, "texture": "#0"},
				"down": {"uv": [8.25, 7.5, 8.125, 8], "rotation": 90, "texture": "#0"}
			}
		},
		{
			"from": [2, 6, 0],
			"to": [14, 10, 1],
			"rotation": {"angle": 0, "axis": "y", "origin": [8, 8, 0]},
			"faces": {
				"north": {"uv": [6.5, 5, 8, 5.5], "texture": "#0"},
				"east": {"uv": [9.625, 5, 9.75, 5.5], "texture": "#0"},
				"south": {"uv": [8.125, 5, 9.625, 5.5], "texture": "#0"},
				"west": {"uv": [8, 5, 8.125, 5.5], "texture": "#0"},
				"up": {"uv": [8.125, 5, 8, 3.5], "rotation": 270, "texture": "#0"},
				"down": {"uv": [8.25, 3.5, 8.125, 5], "rotation": 90, "texture": "#0"}
			}
		},
		{
			"from": [10, 4, 0],
			"to": [13, 6, 1],
			"rotation": {"angle": 0, "axis": "y", "origin": [8, 8, 0]},
			"faces": {
				"north": {"uv": [2, 9.5, 2.375, 9.75], "texture": "#0"},
				"east": {"uv": [2.875, 9.5, 3, 9.75], "texture": "#0"},
				"south": {"uv": [2.5, 9.5, 2.875, 9.75], "texture": "#0"},
				"west": {"uv": [2.375, 9.5, 2.5, 9.75], "texture": "#0"},
				"up": {"uv": [2.5, 9.5, 2.375, 9.125], "rotation": 270, "texture": "#0"},
				"down": {"uv": [2.625, 9.125, 2.5, 9.5], "rotation": 90, "texture": "#0"}
			}
		},
		{
			"from": [4, 3, 0],
			"to": [6, 4, 1],
			"rotation": {"angle": 0, "axis": "y", "origin": [8, 8, 0]},
			"faces": {
				"north": {"uv": [9.75, 4, 10, 4.125], "texture": "#0"},
				"east": {"uv": [10.375, 4, 10.5, 4.125], "texture": "#0"},
				"south": {"uv": [10.125, 4, 10.375, 4.125], "texture": "#0"},
				"west": {"uv": [10, 4, 10.125, 4.125], "texture": "#0"},
				"up": {"uv": [10.125, 4, 10, 3.75], "rotation": 270, "texture": "#0"},
				"down": {"uv": [10.25, 3.75, 10.125, 4], "rotation": 90, "texture": "#0"}
			}
		},
		{
			"from": [3, 4, 0],
			"to": [6, 6, 1],
			"rotation": {"angle": 0, "axis": "y", "origin": [8, 8, 0]},
			"faces": {
				"north": {"uv": [3, 9.5, 3.375, 9.75], "texture": "#0"},
				"east": {"uv": [3.875, 9.5, 4, 9.75], "texture": "#0"},
				"south": {"uv": [3.5, 9.5, 3.875, 9.75], "texture": "#0"},
				"west": {"uv": [3.375, 9.5, 3.5, 9.75], "texture": "#0"},
				"up": {"uv": [3.5, 9.5, 3.375, 9.125], "rotation": 270, "texture": "#0"},
				"down": {"uv": [3.625, 9.125, 3.5, 9.5], "rotation": 90, "texture": "#0"}
			}
		},
		{
			"from": [4, 12, 0],
			"to": [6, 13, 1],
			"rotation": {"angle": 0, "axis": "y", "origin": [8, 8, 0]},
			"faces": {
				"north": {"uv": [9.75, 4.375, 10, 4.5], "texture": "#0"},
				"east": {"uv": [10.375, 4.375, 10.5, 4.5], "texture": "#0"},
				"south": {"uv": [10.125, 4.375, 10.375, 4.5], "texture": "#0"},
				"west": {"uv": [10, 4.375, 10.125, 4.5], "texture": "#0"},
				"up": {"uv": [10.125, 4.375, 10, 4.125], "rotation": 270, "texture": "#0"},
				"down": {"uv": [10.25, 4.125, 10.125, 4.375], "rotation": 90, "texture": "#0"}
			}
		},
		{
			"from": [3, 10, 0],
			"to": [6, 12, 1],
			"rotation": {"angle": 0, "axis": "y", "origin": [8, 8, 0]},
			"faces": {
				"north": {"uv": [4, 9.5, 4.375, 9.75], "texture": "#0"},
				"east": {"uv": [4.875, 9.5, 5, 9.75], "texture": "#0"},
				"south": {"uv": [4.5, 9.5, 4.875, 9.75], "texture": "#0"},
				"west": {"uv": [4.375, 9.5, 4.5, 9.75], "texture": "#0"},
				"up": {"uv": [4.5, 9.5, 4.375, 9.125], "rotation": 270, "texture": "#0"},
				"down": {"uv": [4.625, 9.125, 4.5, 9.5], "rotation": 90, "texture": "#0"}
			}
		},
		{
			"from": [10, 12, 0],
			"to": [12, 13, 1],
			"rotation": {"angle": 0, "axis": "y", "origin": [8, 8, 0]},
			"faces": {
				"north": {"uv": [4.5, 10, 4.75, 10.125], "texture": "#0"},
				"east": {"uv": [5.125, 10, 5.25, 10.125], "texture": "#0"},
				"south": {"uv": [4.875, 10, 5.125, 10.125], "texture": "#0"},
				"west": {"uv": [4.75, 10, 4.875, 10.125], "texture": "#0"},
				"up": {"uv": [4.875, 10, 4.75, 9.75], "rotation": 270, "texture": "#0"},
				"down": {"uv": [5, 9.75, 4.875, 10], "rotation": 90, "texture": "#0"}
			}
		},
		{
			"from": [10, 10, 0],
			"to": [13, 12, 1],
			"rotation": {"angle": 0, "axis": "y", "origin": [8, 8, 0]},
			"faces": {
				"north": {"uv": [5, 9.5, 5.375, 9.75], "texture": "#0"},
				"east": {"uv": [5.875, 9.5, 6, 9.75], "texture": "#0"},
				"south": {"uv": [5.5, 9.5, 5.875, 9.75], "texture": "#0"},
				"west": {"uv": [5.375, 9.5, 5.5, 9.75], "texture": "#0"},
				"up": {"uv": [5.5, 9.5, 5.375, 9.125], "rotation": 270, "texture": "#0"},
				"down": {"uv": [5.625, 9.125, 5.5, 9.5], "rotation": 90, "texture": "#0"}
			}
		},
		{
			"from": [10, 3, 0],
			"to": [12, 4, 1],
			"rotation": {"angle": 0, "axis": "y", "origin": [8, 8, 0]},
			"faces": {
				"north": {"uv": [9.75, 4.75, 10, 4.875], "texture": "#0"},
				"east": {"uv": [10.375, 4.75, 10.5, 4.875], "texture": "#0"},
				"south": {"uv": [10.125, 4.75, 10.375, 4.875], "texture": "#0"},
				"west": {"uv": [10, 4.75, 10.125, 4.875], "texture": "#0"},
				"up": {"uv": [10.125, 4.75, 10, 4.5], "rotation": 270, "texture": "#0"},
				"down": {"uv": [10.25, 4.5, 10.125, 4.75], "rotation": 90, "texture": "#0"}
			}
		},
		{
			"from": [15, 10, 6],
			"to": [16, 14, 10],
			"rotation": {"angle": 0, "axis": "y", "origin": [16, 11, 8]},
			"faces": {
				"north": {"uv": [6.75, 8, 6.875, 8.5], "texture": "#0"},
				"east": {"uv": [6.25, 8, 6.75, 8.5], "texture": "#0"},
				"south": {"uv": [7.375, 8, 7.5, 8.5], "texture": "#0"},
				"west": {"uv": [6.875, 8, 7.375, 8.5], "texture": "#0"},
				"up": {"uv": [6.875, 8, 6.75, 7.5], "texture": "#0"},
				"down": {"uv": [7, 7.5, 6.875, 8], "texture": "#0"}
			}
		},
		{
			"from": [15, 2, 6],
			"to": [16, 6, 10],
			"rotation": {"angle": 0, "axis": "y", "origin": [16, 3, 8]},
			"faces": {
				"north": {"uv": [8, 8, 8.125, 8.5], "texture": "#0"},
				"east": {"uv": [7.5, 8, 8, 8.5], "texture": "#0"},
				"south": {"uv": [8.625, 8, 8.75, 8.5], "texture": "#0"},
				"west": {"uv": [8.125, 8, 8.625, 8.5], "texture": "#0"},
				"up": {"uv": [8.125, 8, 8, 7.5], "texture": "#0"},
				"down": {"uv": [8.25, 7.5, 8.125, 8], "texture": "#0"}
			}
		},
		{
			"from": [15, 6, 2],
			"to": [16, 10, 14],
			"rotation": {"angle": 0, "axis": "y", "origin": [16, 8, 12]},
			"faces": {
				"north": {"uv": [8, 5, 8.125, 5.5], "texture": "#0"},
				"east": {"uv": [6.5, 5, 8, 5.5], "texture": "#0"},
				"south": {"uv": [9.625, 5, 9.75, 5.5], "texture": "#0"},
				"west": {"uv": [8.125, 5, 9.625, 5.5], "texture": "#0"},
				"up": {"uv": [8.125, 5, 8, 3.5], "texture": "#0"},
				"down": {"uv": [8.25, 3.5, 8.125, 5], "texture": "#0"}
			}
		},
		{
			"from": [15, 4, 10],
			"to": [16, 6, 13],
			"rotation": {"angle": 0, "axis": "y", "origin": [16, 4, 12]},
			"faces": {
				"north": {"uv": [2.375, 9.5, 2.5, 9.75], "texture": "#0"},
				"east": {"uv": [2, 9.5, 2.375, 9.75], "texture": "#0"},
				"south": {"uv": [2.875, 9.5, 3, 9.75], "texture": "#0"},
				"west": {"uv": [2.5, 9.5, 2.875, 9.75], "texture": "#0"},
				"up": {"uv": [2.5, 9.5, 2.375, 9.125], "texture": "#0"},
				"down": {"uv": [2.625, 9.125, 2.5, 9.5], "texture": "#0"}
			}
		},
		{
			"from": [15, 3, 4],
			"to": [16, 4, 6],
			"rotation": {"angle": 0, "axis": "y", "origin": [15, 2, 5]},
			"faces": {
				"north": {"uv": [10, 4, 10.125, 4.125], "texture": "#0"},
				"east": {"uv": [9.75, 4, 10, 4.125], "texture": "#0"},
				"south": {"uv": [10.375, 4, 10.5, 4.125], "texture": "#0"},
				"west": {"uv": [10.125, 4, 10.375, 4.125], "texture": "#0"},
				"up": {"uv": [10.125, 4, 10, 3.75], "texture": "#0"},
				"down": {"uv": [10.25, 3.75, 10.125, 4], "texture": "#0"}
			}
		},
		{
			"from": [15, 4, 3],
			"to": [16, 6, 6],
			"rotation": {"angle": 0, "axis": "y", "origin": [16, 4, 5]},
			"faces": {
				"north": {"uv": [3.375, 9.5, 3.5, 9.75], "texture": "#0"},
				"east": {"uv": [3, 9.5, 3.375, 9.75], "texture": "#0"},
				"south": {"uv": [3.875, 9.5, 4, 9.75], "texture": "#0"},
				"west": {"uv": [3.5, 9.5, 3.875, 9.75], "texture": "#0"},
				"up": {"uv": [3.5, 9.5, 3.375, 9.125], "texture": "#0"},
				"down": {"uv": [3.625, 9.125, 3.5, 9.5], "texture": "#0"}
			}
		},
		{
			"from": [15, 12, 4],
			"to": [16, 13, 6],
			"rotation": {"angle": 0, "axis": "y", "origin": [15, 11, 5]},
			"faces": {
				"north": {"uv": [10, 4.375, 10.125, 4.5], "texture": "#0"},
				"east": {"uv": [9.75, 4.375, 10, 4.5], "texture": "#0"},
				"south": {"uv": [10.375, 4.375, 10.5, 4.5], "texture": "#0"},
				"west": {"uv": [10.125, 4.375, 10.375, 4.5], "texture": "#0"},
				"up": {"uv": [10.125, 4.375, 10, 4.125], "texture": "#0"},
				"down": {"uv": [10.25, 4.125, 10.125, 4.375], "texture": "#0"}
			}
		},
		{
			"from": [15, 10, 3],
			"to": [16, 12, 6],
			"rotation": {"angle": 0, "axis": "y", "origin": [16, 10, 5]},
			"faces": {
				"north": {"uv": [4.375, 9.5, 4.5, 9.75], "texture": "#0"},
				"east": {"uv": [4, 9.5, 4.375, 9.75], "texture": "#0"},
				"south": {"uv": [4.875, 9.5, 5, 9.75], "texture": "#0"},
				"west": {"uv": [4.5, 9.5, 4.875, 9.75], "texture": "#0"},
				"up": {"uv": [4.5, 9.5, 4.375, 9.125], "texture": "#0"},
				"down": {"uv": [4.625, 9.125, 4.5, 9.5], "texture": "#0"}
			}
		},
		{
			"from": [15, 12, 10],
			"to": [16, 13, 12],
			"rotation": {"angle": 0, "axis": "y", "origin": [15, 11, 11]},
			"faces": {
				"north": {"uv": [4.75, 10, 4.875, 10.125], "texture": "#0"},
				"east": {"uv": [4.5, 10, 4.75, 10.125], "texture": "#0"},
				"south": {"uv": [5.125, 10, 5.25, 10.125], "texture": "#0"},
				"west": {"uv": [4.875, 10, 5.125, 10.125], "texture": "#0"},
				"up": {"uv": [4.875, 10, 4.75, 9.75], "texture": "#0"},
				"down": {"uv": [5, 9.75, 4.875, 10], "texture": "#0"}
			}
		},
		{
			"from": [15, 10, 10],
			"to": [16, 12, 13],
			"rotation": {"angle": 0, "axis": "y", "origin": [16, 10, 12]},
			"faces": {
				"north": {"uv": [5.375, 9.5, 5.5, 9.75], "texture": "#0"},
				"east": {"uv": [5, 9.5, 5.375, 9.75], "texture": "#0"},
				"south": {"uv": [5.875, 9.5, 6, 9.75], "texture": "#0"},
				"west": {"uv": [5.5, 9.5, 5.875, 9.75], "texture": "#0"},
				"up": {"uv": [5.5, 9.5, 5.375, 9.125], "texture": "#0"},
				"down": {"uv": [5.625, 9.125, 5.5, 9.5], "texture": "#0"}
			}
		},
		{
			"from": [15, 3, 10],
			"to": [16, 4, 12],
			"rotation": {"angle": 0, "axis": "y", "origin": [15, 2, 11]},
			"faces": {
				"north": {"uv": [10, 4.75, 10.125, 4.875], "texture": "#0"},
				"east": {"uv": [9.75, 4.75, 10, 4.875], "texture": "#0"},
				"south": {"uv": [10.375, 4.75, 10.5, 4.875], "texture": "#0"},
				"west": {"uv": [10.125, 4.75, 10.375, 4.875], "texture": "#0"},
				"up": {"uv": [10.125, 4.75, 10, 4.5], "texture": "#0"},
				"down": {"uv": [10.25, 4.5, 10.125, 4.75], "texture": "#0"}
			}
		},
		{
			"from": [2, 0, 6],
			"to": [6, 1, 10],
			"rotation": {"angle": 0, "axis": "y", "origin": [8, 0, 4]},
			"faces": {
				"north": {"uv": [7.375, 8, 7.5, 8.5], "rotation": 90, "texture": "#0"},
				"east": {"uv": [7, 7.5, 6.875, 8], "rotation": 90, "texture": "#0"},
				"south": {"uv": [6.75, 8, 6.875, 8.5], "rotation": 270, "texture": "#0"},
				"west": {"uv": [6.875, 8, 6.75, 7.5], "rotation": 90, "texture": "#0"},
				"up": {"uv": [6.875, 8, 7.375, 8.5], "rotation": 270, "texture": "#0"},
				"down": {"uv": [6.25, 8, 6.75, 8.5], "rotation": 270, "texture": "#0"}
			}
		},
		{
			"from": [10, 0, 6],
			"to": [14, 1, 10],
			"rotation": {"angle": 0, "axis": "y", "origin": [8, 0, 4]},
			"faces": {
				"north": {"uv": [8.625, 8, 8.75, 8.5], "rotation": 90, "texture": "#0"},
				"east": {"uv": [8.25, 7.5, 8.125, 8], "rotation": 90, "texture": "#0"},
				"south": {"uv": [8, 8, 8.125, 8.5], "rotation": 270, "texture": "#0"},
				"west": {"uv": [8.125, 8, 8, 7.5], "rotation": 90, "texture": "#0"},
				"up": {"uv": [8.125, 8, 8.625, 8.5], "rotation": 270, "texture": "#0"},
				"down": {"uv": [7.5, 8, 8, 8.5], "rotation": 270, "texture": "#0"}
			}
		},
		{
			"from": [6, 0, 2],
			"to": [10, 1, 14],
			"rotation": {"angle": 0, "axis": "y", "origin": [8, 0, 4]},
			"faces": {
				"north": {"uv": [9.625, 5, 9.75, 5.5], "rotation": 90, "texture": "#0"},
				"east": {"uv": [8.25, 3.5, 8.125, 5], "rotation": 90, "texture": "#0"},
				"south": {"uv": [8, 5, 8.125, 5.5], "rotation": 270, "texture": "#0"},
				"west": {"uv": [8.125, 5, 8, 3.5], "rotation": 90, "texture": "#0"},
				"up": {"uv": [8.125, 5, 9.625, 5.5], "rotation": 270, "texture": "#0"},
				"down": {"uv": [6.5, 5, 8, 5.5], "rotation": 270, "texture": "#0"}
			}
		},
		{
			"from": [10, 0, 3],
			"to": [12, 1, 6],
			"rotation": {"angle": 0, "axis": "y", "origin": [8, 0, 4]},
			"faces": {
				"north": {"uv": [2.875, 9.5, 3, 9.75], "rotation": 90, "texture": "#0"},
				"east": {"uv": [2.625, 9.125, 2.5, 9.5], "rotation": 90, "texture": "#0"},
				"south": {"uv": [2.375, 9.5, 2.5, 9.75], "rotation": 270, "texture": "#0"},
				"west": {"uv": [2.5, 9.5, 2.375, 9.125], "rotation": 90, "texture": "#0"},
				"up": {"uv": [2.5, 9.5, 2.875, 9.75], "rotation": 270, "texture": "#0"},
				"down": {"uv": [2, 9.5, 2.375, 9.75], "rotation": 270, "texture": "#0"}
			}
		},
		{
			"from": [12, 0, 10],
			"to": [13, 1, 12],
			"rotation": {"angle": 0, "axis": "y", "origin": [8, 0, 4]},
			"faces": {
				"north": {"uv": [10.375, 4, 10.5, 4.125], "rotation": 90, "texture": "#0"},
				"east": {"uv": [10.25, 3.75, 10.125, 4], "rotation": 90, "texture": "#0"},
				"south": {"uv": [10, 4, 10.125, 4.125], "rotation": 270, "texture": "#0"},
				"west": {"uv": [10.125, 4, 10, 3.75], "rotation": 90, "texture": "#0"},
				"up": {"uv": [10.125, 4, 10.375, 4.125], "rotation": 270, "texture": "#0"},
				"down": {"uv": [9.75, 4, 10, 4.125], "rotation": 270, "texture": "#0"}
			}
		},
		{
			"from": [10, 0, 10],
			"to": [12, 1, 13],
			"rotation": {"angle": 0, "axis": "y", "origin": [8, 0, 4]},
			"faces": {
				"north": {"uv": [3.875, 9.5, 4, 9.75], "rotation": 90, "texture": "#0"},
				"east": {"uv": [3.625, 9.125, 3.5, 9.5], "rotation": 90, "texture": "#0"},
				"south": {"uv": [3.375, 9.5, 3.5, 9.75], "rotation": 270, "texture": "#0"},
				"west": {"uv": [3.5, 9.5, 3.375, 9.125], "rotation": 90, "texture": "#0"},
				"up": {"uv": [3.5, 9.5, 3.875, 9.75], "rotation": 270, "texture": "#0"},
				"down": {"uv": [3, 9.5, 3.375, 9.75], "rotation": 270, "texture": "#0"}
			}
		},
		{
			"from": [3, 0, 10],
			"to": [4, 1, 12],
			"rotation": {"angle": 0, "axis": "y", "origin": [8, 0, 4]},
			"faces": {
				"north": {"uv": [10.375, 4.375, 10.5, 4.5], "rotation": 90, "texture": "#0"},
				"east": {"uv": [10.25, 4.125, 10.125, 4.375], "rotation": 90, "texture": "#0"},
				"south": {"uv": [10, 4.375, 10.125, 4.5], "rotation": 270, "texture": "#0"},
				"west": {"uv": [10.125, 4.375, 10, 4.125], "rotation": 90, "texture": "#0"},
				"up": {"uv": [10.125, 4.375, 10.375, 4.5], "rotation": 270, "texture": "#0"},
				"down": {"uv": [9.75, 4.375, 10, 4.5], "rotation": 270, "texture": "#0"}
			}
		},
		{
			"from": [4, 0, 10],
			"to": [6, 1, 13],
			"rotation": {"angle": 0, "axis": "y", "origin": [8, 0, 4]},
			"faces": {
				"north": {"uv": [4.875, 9.5, 5, 9.75], "rotation": 90, "texture": "#0"},
				"east": {"uv": [4.625, 9.125, 4.5, 9.5], "rotation": 90, "texture": "#0"},
				"south": {"uv": [4.375, 9.5, 4.5, 9.75], "rotation": 270, "texture": "#0"},
				"west": {"uv": [4.5, 9.5, 4.375, 9.125], "rotation": 90, "texture": "#0"},
				"up": {"uv": [4.5, 9.5, 4.875, 9.75], "rotation": 270, "texture": "#0"},
				"down": {"uv": [4, 9.5, 4.375, 9.75], "rotation": 270, "texture": "#0"}
			}
		},
		{
			"from": [3, 0, 4],
			"to": [4, 1, 6],
			"rotation": {"angle": 0, "axis": "y", "origin": [8, 0, 4]},
			"faces": {
				"north": {"uv": [5.125, 10, 5.25, 10.125], "rotation": 90, "texture": "#0"},
				"east": {"uv": [5, 9.75, 4.875, 10], "rotation": 90, "texture": "#0"},
				"south": {"uv": [4.75, 10, 4.875, 10.125], "rotation": 270, "texture": "#0"},
				"west": {"uv": [4.875, 10, 4.75, 9.75], "rotation": 90, "texture": "#0"},
				"up": {"uv": [4.875, 10, 5.125, 10.125], "rotation": 270, "texture": "#0"},
				"down": {"uv": [4.5, 10, 4.75, 10.125], "rotation": 270, "texture": "#0"}
			}
		},
		{
			"from": [4, 0, 3],
			"to": [6, 1, 6],
			"rotation": {"angle": 0, "axis": "y", "origin": [8, 0, 4]},
			"faces": {
				"north": {"uv": [5.875, 9.5, 6, 9.75], "rotation": 90, "texture": "#0"},
				"east": {"uv": [5.625, 9.125, 5.5, 9.5], "rotation": 90, "texture": "#0"},
				"south": {"uv": [5.375, 9.5, 5.5, 9.75], "rotation": 270, "texture": "#0"},
				"west": {"uv": [5.5, 9.5, 5.375, 9.125], "rotation": 90, "texture": "#0"},
				"up": {"uv": [5.5, 9.5, 5.875, 9.75], "rotation": 270, "texture": "#0"},
				"down": {"uv": [5, 9.5, 5.375, 9.75], "rotation": 270, "texture": "#0"}
			}
		},
		{
			"from": [12, 0, 4],
			"to": [13, 1, 6],
			"rotation": {"angle": 0, "axis": "y", "origin": [8, 0, 4]},
			"faces": {
				"north": {"uv": [10.375, 4.75, 10.5, 4.875], "rotation": 90, "texture": "#0"},
				"east": {"uv": [10.25, 4.5, 10.125, 4.75], "rotation": 90, "texture": "#0"},
				"south": {"uv": [10, 4.75, 10.125, 4.875], "rotation": 270, "texture": "#0"},
				"west": {"uv": [10.125, 4.75, 10, 4.5], "rotation": 90, "texture": "#0"},
				"up": {"uv": [10.125, 4.75, 10.375, 4.875], "rotation": 270, "texture": "#0"},
				"down": {"uv": [9.75, 4.75, 10, 4.875], "rotation": 270, "texture": "#0"}
			}
		}
	],
	"display": {
		"thirdperson_righthand": {
			"rotation": [-89, 0, 0],
			"translation": [0.1, -1.75, 0.75],
			"scale": [0.4, 0.4, 0.4]
		}
	},
	"groups": [
		{
			"name": "powerup",
			"origin": [8, 0, 8],
			"color": 0,
			"children": [
				0,
				{
					"name": "pearl1",
					"origin": [16, 8, 17],
					"color": 0,
					"children": [1, 2, 3, 4, 5, 6, 7, 8, 9, 10, 11]
				},
				{
					"name": "pearl2",
					"origin": [16, 8, 17],
					"color": 0,
					"children": [12, 13, 14, 15, 16, 17, 18, 19, 20, 21, 22]
				},
				{
					"name": "pearl3",
					"origin": [16, 8, 17],
					"color": 0,
					"children": [23, 24, 25, 26, 27, 28, 29, 30, 31, 32, 33]
				},
				{
					"name": "pearl4",
					"origin": [16, 8, 17],
					"color": 0,
					"children": [34, 35, 36, 37, 38, 39, 40, 41, 42, 43, 44]
				},
				{
					"name": "pearl5",
					"origin": [16, 8, 17],
					"color": 0,
					"children": [45, 46, 47, 48, 49, 50, 51, 52, 53, 54, 55]
				},
				{
					"name": "pearl6",
					"origin": [16, 8, 17],
					"color": 0,
					"children": [56, 57, 58, 59, 60, 61, 62, 63, 64, 65, 66]
				}
			]
		}
	]
}